dataset,cell,k_max,dynamic,k_reg,mse_mean,mse_std,nll_gaussian_mean,nll_gaussian_std,nll_mdn_mean,nll_mdn_std,effective_k_mean,effective_k_std,max_p_mid_mean,max_p_mid_std,sum_p_mid_mean,sum_p_mid_std,wall_time_s_mean,wall_time_s_std
bimodal,B,3,GUMBEL_SOFTMAX,ELBO,2.620092,0.3264706591839457,1.9061990000000002,0.060181573068506605,,,2.11542,0.029709543921103865,0.37601999999999997,0.1413009271024079,0.37601999999999997,0.1413009271024079,6.42,2.403539057306954
bimodal,B,3,GUMBEL_SOFTMAX,K_PENALTY,2.3147235999999998,0.05245539564525279,1.8397832,0.01194813212180042,,,2.8959,0.19921843539190842,0.42590000000000006,0.23620533440208327,0.42590000000000006,0.23620533440208327,4.5200000000000005,1.886001060445089
bimodal,B,3,GUMBEL_SOFTMAX,NONE,2.3097164,0.04922003241364236,1.8386848,0.01136423009710728,,,2.92118,0.1669220985969204,0.43034,0.24440284981971874,0.43034,0.24440284981971874,5.6,3.2687918257362303
bimodal,B,3,NONE,NONE,2.3398524000000003,0.07897884563476457,1.8469356000000001,0.01694693834590778,1.840026,0.047527655912110736,3.0,0.0,0.28650000000000003,0.05103704536902582,0.28650000000000003,0.05103704536902582,5.720000000000001,2.243211982849593
bimodal,B,3,SOFT_GATING,ELBO,2.306907,0.03663859009296074,1.8382638,0.00841924401000467,,,2.33622,0.01860677296040346,0.3832,0.13689976260023246,0.3832,0.13689976260023246,8.0,3.1976553910638965
bimodal,B,3,SOFT_GATING,K_PENALTY,2.3147390000000003,0.08195327679232842,1.8409424,0.019710984990608617,,,2.60106,0.3222163605405535,0.33492,0.29589806859795487,0.33492,0.29589806859795487,4.88,2.783343313355361
bimodal,B,3,SOFT_GATING,NONE,2.3353279999999996,0.10413345037018602,1.8454443999999999,0.026352635243937206,,,2.7163,0.3324450255305378,0.30404,0.26263498053381995,0.30404,0.26263498053381995,5.32,2.682722497762301
bimodal,B,5,GUMBEL_SOFTMAX,ELBO,2.3541894,0.0765768915718049,1.8498246000000003,0.016058412384167973,,,2.38958,0.056617152877904434,0.51244,0.14691832084529144,0.62332,0.1417493456775022,8.88,1.6208022704821212
bimodal,B,5,GUMBEL_SOFTMAX,K_PENALTY,2.3222633999999998,0.049544575927138595,1.8415362000000002,0.011352448268985883,,,2.86152,0.5313078693187219,0.46628,0.15196490384295974,0.6300600000000001,0.1504859893810716,14.7,7.450838878945108
bimodal,B,5,GUMBEL_SOFTMAX,NONE,2.3437031999999998,0.059270690886812,1.8458288,0.013322301197615986,,,4.29274,0.7049885835955075,0.48460000000000003,0.1724589081491588,0.667,0.151741260044854,10.9,6.908690179766351
bimodal,B,5,NONE,NONE,2.3356316,0.05945100164252916,1.845183,0.014471788486569357,1.8443352000000002,0.01988082907476443,5.0,0.0,0.42024,0.16611254618480806,0.62664,0.1879144166901518,5.0,3.3414068893207247
bimodal,B,5,SOFT_GATING,ELBO,2.313685,0.051629342659964036,1.8389376,0.011432386684328001,,,3.04174,0.04369162391122582,0.5217,0.20334628100852992,0.7136,0.200357405652998,13.5,6.7590679830876095
bimodal,B,5,SOFT_GATING,K_PENALTY,2.3189152,0.053626277632332665,1.840811,0.012818200107659394,,,2.5077399999999996,0.2982645352702868,0.49328000000000005,0.2028243994197937,0.66062,0.29210751787655176,15.48,7.3754321907261815
bimodal,B,5,SOFT_GATING,NONE,2.3383836000000002,0.0569038858453445,1.8448996000000002,0.01227572137595178,,,3.9932600000000003,0.6310147803340269,0.45519999999999994,0.27171149221186797,0.5870200000000001,0.3338936237785921,11.34,6.1820708504513275
bimodal,B,7,GUMBEL_SOFTMAX,ELBO,2.3956817999999998,0.108716519104504,1.8612392,0.027495819413139905,,,2.6139400000000004,0.05824038976517916,0.21526,0.1466645765002579,0.28134000000000003,0.17305137387492767,13.219999999999999,3.7936789532062414
bimodal,B,7,GUMBEL_SOFTMAX,K_PENALTY,2.3161506,0.06738472128605999,1.8407938000000001,0.015616374457600554,,,3.5142399999999996,0.6957544847142559,0.28468,0.1319312965145117,0.3583,0.13042559181387678,30.619999999999997,9.005942482605583
bimodal,B,7,GUMBEL_SOFTMAX,NONE,2.3492812,0.05996702779611483,1.8469924,0.01402527934837664,,,6.10986,0.71712046268392,0.34504,0.059883161239199775,0.4181,0.04298953360993813,20.56,10.411676137875208
bimodal,B,7,NONE,NONE,2.3190356000000003,0.05727818671885476,1.8408324,0.013091837945834853,1.8544908,0.015625328002957316,7.0,0.0,0.13277999999999998,0.07602800142052926,0.22406,0.09674933074703929,5.42,2.3657979626333265
bimodal,B,7,SOFT_GATING,ELBO,2.2818424,0.04220838273731886,1.8326328,0.0093803302820317,,,3.7719,0.040873769094616125,0.40278,0.19825447535932197,0.51212,0.21963109297182856,19.92,10.984170428393764
bimodal,B,7,SOFT_GATING,K_PENALTY,2.321592,0.08401900649555422,1.841196,0.020488680594416032,,,2.58452,0.2183785062683597,0.50852,0.265099315351813,0.61498,0.27646234282447946,28.96,9.551073238123555
bimodal,B,7,SOFT_GATING,NONE,2.2891188,0.04984210422624612,1.8339576000000002,0.011421356893994756,,,5.80096,0.5245393436149478,0.32474,0.1471661577945147,0.40142,0.12503214386708725,18.56,10.399663456093185
bimodal,C,3,GUMBEL_SOFTMAX,ELBO,2.796468,0.22048042849309799,1.9504416,0.039525125183862454,,,2.13976,0.04447598228257584,0.27266,0.033208176703938434,0.27266,0.033208176703938434,6.28,1.4601369798755186
bimodal,C,3,GUMBEL_SOFTMAX,K_PENALTY,2.2875172,0.05003065037254639,1.8333994,0.011194690071636695,,,2.9892,0.015428382935356602,0.36544,0.15872577925466297,0.36544,0.15872577925466297,7.220000000000001,5.690079085566386
bimodal,C,3,GUMBEL_SOFTMAX,NONE,2.2858718,0.05483146737686295,1.833135,0.012371426312272988,,,2.9974800000000004,0.0032306346125798857,0.40953999999999996,0.18161359530607835,0.40953999999999996,0.18161359530607835,7.56,4.994296747290854
bimodal,C,3,NONE,NONE,2.5558794,0.15586271232818946,1.9132946,0.032385054736714616,1.9479122,0.11394526012827386,3.0,0.0,0.31706,0.026393900810603946,0.31706,0.026393900810603946,4.96,2.668894902389377
bimodal,C,3,SOFT_GATING,ELBO,2.3304169999999997,0.04735376045785597,1.8435638,0.010659670947078866,,,2.33978,0.013861349140686083,0.2334,0.08366187901308457,0.2334,0.08366187901308457,10.379999999999999,4.149939758598912
bimodal,C,3,SOFT_GATING,K_PENALTY,2.4176354,0.2698723716505636,1.8642632,0.062238418149082125,,,2.80304,0.14069324077580983,0.30326,0.12323689788371014,0.30326,0.12323689788371014,6.0,5.3376024580330075
bimodal,C,3,SOFT_GATING,NONE,2.310705,0.09146876890775328,1.8404466,0.0240577251688516,,,2.9177799999999996,0.0749166002965964,0.33168000000000003,0.06949476239257174,0.33168000000000003,0.06949476239257174,6.1,4.3903302837030385
bimodal,C,5,GUMBEL_SOFTMAX,ELBO,2.5684418,0.2628452100252162,1.8966176000000001,0.044055102715803506,,,2.26506,0.08484973777213449,0.26668,0.041643210731162394,0.46552,0.05090453810810977,12.2,7.585182924623505
bimodal,C,5,GUMBEL_SOFTMAX,K_PENALTY,2.44208,0.11294585864475058,1.8650238000000001,0.0221379401751834,,,3.6007800000000003,1.375570607784275,0.35607999999999995,0.1723084646789008,0.53844,0.14128813821407657,13.1,5.305657357952923
bimodal,C,5,GUMBEL_SOFTMAX,NONE,2.3726372,0.08996658222751373,1.8519036,0.019698434183965056,,,4.24794,1.1554055599658501,0.40526,0.1375663403598424,0.60208,0.10871118617695234,11.52,3.501713866094716
bimodal,C,5,NONE,NONE,2.5854424000000003,0.10420925104711201,1.9114385999999999,0.019671890092210247,1.7479126,0.04207080173707175,5.0,0.0,0.45743999999999996,0.021535853825655493,0.59004,0.03152249990086445,9.120000000000001,2.0191582404556607
bimodal,C,5,SOFT_GATING,ELBO,2.3624712000000003,0.04970524584689228,1.8508928,0.010810586510453473,,,3.04402,0.039498822767267266,0.3076,0.0741254679580507,0.49589999999999995,0.11634897936810618,17.5,7.8179281142768255
bimodal,C,5,SOFT_GATING,K_PENALTY,2.352643,0.055619009623509054,1.8481328000000001,0.012100619517198279,,,3.4962400000000002,0.6635309058363444,0.30446,0.06456471946814299,0.45933999999999997,0.10777206502614672,14.26,8.692698085174706
bimodal,C,5,SOFT_GATING,NONE,2.3183508,0.05983158196721845,1.8400732000000002,0.012600161812452992,,,4.297739999999999,0.4441386416424491,0.40406,0.2196662878094861,0.55428,0.2323922696648922,14.219999999999999,5.4172871439494505
bimodal,C,7,GUMBEL_SOFTMAX,ELBO,2.5618572,0.08376567806506424,1.8928764,0.01983066240194704,,,2.53898,0.14122647414702388,0.1614,0.05140160503330611,0.32076,0.08731960261018139,18.5,8.909826036461093
bimodal,C,7,GUMBEL_SOFTMAX,K_PENALTY,2.3462492,0.10393747852771877,1.8463108,0.021430322167433638,,,5.650180000000001,1.2521980921563491,0.262,0.13409211386207617,0.40774,0.1697970199974075,21.96,9.122664084575295
bimodal,C,7,GUMBEL_SOFTMAX,NONE,2.2927634,0.04886712982465819,1.8347742,0.011035986530437566,,,6.924899999999999,0.14905911578967584,0.42554,0.12409195380845611,0.49904000000000004,0.15625798539594704,20.080000000000002,7.212627815158633
bimodal,C,7,NONE,NONE,2.4670753999999997,0.11414553813136985,1.8826764,0.02678444166489197,1.7601868,0.18846803554236993,7.0,0.0,0.36668,0.040749748465481336,0.43776000000000004,0.050123427656137,13.180000000000001,1.207062550160513
bimodal,C,7,SOFT_GATING,ELBO,2.3322602,0.0635044290518385,1.8453538000000003,0.014117005567754182,,,3.7245199999999996,0.058890720831044484,0.24582,0.07128714470365607,0.39226,0.06496832305054519,24.18,8.10382625677525
bimodal,C,7,SOFT_GATING,K_PENALTY,2.3184928,0.08161664132209792,1.8406718000000002,0.017807920785425757,,,3.7196200000000004,0.48594498865612357,0.24892000000000003,0.14560826556208958,0.34586,0.19410119268051906,22.240000000000002,11.631551917091718
bimodal,C,7,SOFT_GATING,NONE,2.2988402,0.0716130432163024,1.8372742,0.017414614026730526,,,5.6401200000000005,0.7187297593671766,0.33214,0.17104728293661958,0.43712,0.207347153344337,26.419999999999998,10.784804124322333
exponential,B,3,GUMBEL_SOFTMAX,ELBO,4.9228152000000005,9.202026299194419,1.3147812,0.3304858440942668,,,2.27616,0.050069082276390946,0.33942,0.18599046212104534,0.33942,0.18599046212104534,13.52,4.475153628647848
exponential,B,3,GUMBEL_SOFTMAX,K_PENALTY,0.3271372,0.06858735435705333,0.8475509999999999,0.056453645582017126,,,2.94286,0.12771302987557695,0.72314,0.37194514783768856,0.72314,0.37194514783768856,12.08,0.804363102087608
exponential,B,3,GUMBEL_SOFTMAX,NONE,0.3153362,0.043862187983501236,0.8504764,0.06647066253092415,,,2.94556,0.12167564670056208,0.72324,0.37245165860820106,0.72324,0.37245165860820106,12.540000000000001,3.6678331477863058
exponential,B,3,NONE,NONE,9.7342172,13.003137980850802,1.5056812,0.34525719788760373,2.5515605999999997,1.032242838137325,3.0,0.0,0.46153999999999995,0.3283838653161875,0.46153999999999995,0.3283838653161875,6.640000000000001,0.6066300355241242
exponential,B,3,SOFT_GATING,ELBO,0.344004,0.0814755263284626,0.8909174,0.11244570658677902,,,2.35902,0.0175204737378875,0.4358000000000001,0.3331793586043409,0.4358000000000001,0.3331793586043409,9.459999999999999,2.619732810803423
exponential,B,3,SOFT_GATING,K_PENALTY,0.32387299999999997,0.05878229422623788,0.8701753999999999,0.12289754317438573,,,2.64472,0.253876932784371,0.6351600000000001,0.4627333443788118,0.6351600000000001,0.4627333443788118,8.34,1.9099738218101314
exponential,B,3,SOFT_GATING,NONE,0.34440980000000004,0.10782402447367655,0.8678096,0.11986513030610699,,,2.7158,0.2019853088717097,0.61218,0.48521666500646904,0.61218,0.48521666500646904,9.120000000000001,1.8939376969689368
exponential,B,5,GUMBEL_SOFTMAX,ELBO,7.3044101999999995,13.699328880638522,1.3892974,0.41170985411731403,,,2.41238,0.11245219873350631,0.7071799999999999,0.2682287493912612,0.76134,0.287662654858082,19.32,5.468729285675055
exponential,B,5,GUMBEL_SOFTMAX,K_PENALTY,0.6118554,0.3816495944256983,1.0322324,0.1910885892624151,,,4.8803600000000005,0.13968653478413717,0.7021,0.3257823122884359,0.7439,0.34877422496509114,22.02,4.596411643880474
exponential,B,5,GUMBEL_SOFTMAX,NONE,0.5045628,0.24412773852370814,1.0308432,0.16150847893748488,,,4.94692,0.07172145425184873,0.72224,0.33373043463250396,0.7673,0.36137052314764134,24.2,1.8493242008906945
exponential,B,5,NONE,NONE,5.908930400000001,4.912415070525016,1.2481740000000001,0.1730820342381034,2.9442440000000003,1.1294993799659654,5.0,0.0,0.65538,0.35346920940868387,0.7228399999999999,0.3970610444251614,9.379999999999999,1.762668431668304
exponential,B,5,SOFT_GATING,ELBO,0.3259046,0.06649200863111294,0.8569668,0.09506716431923273,,,3.15756,0.015534896201777369,0.68994,0.2756797018280454,0.71734,0.24870134297988825,24.04,3.6418401941875476
exponential,B,5,SOFT_GATING,K_PENALTY,0.34006020000000003,0.06910713342846742,0.8736054,0.0431960235646755,,,4.0239400000000005,0.930043511347722,0.73636,0.4203796534086777,0.75292,0.43125135014281407,19.94,3.7726648406663426
exponential,B,5,SOFT_GATING,NONE,0.327779,0.04190344349215229,0.8691407999999999,0.06101722903983757,,,4.645239999999999,0.39597872165054476,0.72802,0.4108947456466193,0.75408,0.4269826893446618,20.04,4.990791520390328
exponential,B,7,GUMBEL_SOFTMAX,ELBO,0.8288534000000001,0.6497909096088526,1.1363846,0.29991697678574314,,,2.80092,0.2984391261212242,0.32874,0.29787836947317947,0.3308,0.29872618733549294,42.78,4.787170354186281
exponential,B,7,GUMBEL_SOFTMAX,K_PENALTY,0.4487622,0.11167004749797503,0.999433,0.11739538506900511,,,6.481520000000001,0.5237078641762019,0.4889,0.36764883380748,0.50986,0.3686662081070084,33.58,7.140168065248886
exponential,B,7,GUMBEL_SOFTMAX,NONE,0.4440836,0.1261883350524128,0.9971274000000001,0.1446620230098418,,,6.6503,0.4350654376068043,0.48672000000000004,0.3581743388351544,0.5148400000000001,0.3700101728331263,32.0,8.231949951256992
exponential,B,7,NONE,NONE,9.708612,11.863963656340385,1.3784208,0.35438672224097223,2.4841016,0.3502367958421845,7.0,0.0,0.5012399999999999,0.3504109986858289,0.52012,0.37298056517732936,10.08,1.962651268055535
exponential,B,7,SOFT_GATING,ELBO,0.3585434,0.08008926146681589,0.9091646000000001,0.11564704906870733,,,3.84234,0.052741899852015245,0.69944,0.2321280422525465,0.70888,0.2350937515120298,33.28,8.35685347484327
exponential,B,7,SOFT_GATING,K_PENALTY,0.32581899999999997,0.02101283859929448,0.864422,0.03247583145971787,,,4.918559999999999,0.7514743827969123,0.5174,0.44573020427159743,0.5365,0.4571165332822693,29.22,5.772954183085121
exponential,B,7,SOFT_GATING,NONE,0.3131858,0.02582355004061216,0.8387283999999999,0.031314397747681515,,,5.73398,0.6816530473782096,0.39646,0.39738320674130156,0.40128,0.3971945266490967,32.06,7.892591462884672
exponential,C,3,GUMBEL_SOFTMAX,ELBO,1.769714,1.9742066778716454,1.2135158000000001,0.27819131420247467,,,2.2909,0.06908813212122612,0.17934,0.04990038076007036,0.17934,0.04990038076007036,11.14,3.952594084901712
exponential,C,3,GUMBEL_SOFTMAX,K_PENALTY,0.33355480000000004,0.07627666123854664,0.8504455999999999,0.06358892989192383,,,2.94588,0.12096010499334074,0.27658,0.2287816797735343,0.27658,0.2287816797735343,11.24,0.993981891183135
exponential,C,3,GUMBEL_SOFTMAX,NONE,0.3440004,0.09863042353554001,0.8604796,0.08319337028153148,,,2.9514,0.10861701063829743,0.28838,0.21696515157969495,0.28838,0.21696515157969495,11.1,0.9565563234854491
exponential,C,3,NONE,NONE,11.972039,13.953123610119619,1.6706654,0.25624545952621286,2.2793342,0.16609335669947808,3.0,0.0,0.3657,0.04184489216140964,0.3657,0.04184489216140964,6.18,1.97914122790669
exponential,C,3,SOFT_GATING,ELBO,0.3832254,0.1448880780267997,0.9300264,0.19613607529544383,,,2.34918,0.0353604581418286,0.19524,0.16003528673389503,0.19524,0.16003528673389503,9.2,3.023243291566194
exponential,C,3,SOFT_GATING,K_PENALTY,0.4262646,0.12818038851282987,0.9181782,0.12695160763928912,,,2.58128,0.3169153625181335,0.3235,0.27126800401079376,0.3235,0.27126800401079376,8.82,2.4304320603547014
exponential,C,3,SOFT_GATING,NONE,0.32886540000000003,0.04277998337774339,0.8568232,0.061113574946160695,,,2.6899,0.2952095611595261,0.31646,0.31323488471113814,0.31646,0.31323488471113814,9.26,1.8928814014618025
exponential,C,5,GUMBEL_SOFTMAX,ELBO,5.666024200000001,3.2990035016982326,1.6379106,0.2579678734383412,,,2.4614000000000003,0.09405729636769265,0.34074,0.09589313322652461,0.47135999999999995,0.1566356217467789,16.32,4.717732506194051
exponential,C,5,GUMBEL_SOFTMAX,K_PENALTY,0.31343160000000003,0.037264854532119154,0.8430440000000001,0.06180466894580055,,,4.9971000000000005,0.004428882477555827,0.38828,0.16980009422847797,0.51062,0.18838706696586158,19.28,0.6379655163094641
exponential,C,5,GUMBEL_SOFTMAX,NONE,0.3384704,0.038389703968642414,0.8681787999999999,0.04745560952300579,,,4.99666,0.007412691818766088,0.45167999999999997,0.09775795108327505,0.55992,0.10810967579268754,18.6,1.202081528017131
exponential,C,5,NONE,NONE,2.4200104,0.6820573480194315,1.2973203999999998,0.11024805316104232,2.2599938,0.4181137007426329,5.0,0.0,0.46902,0.05034944885497755,0.61544,0.05452149117549882,8.559999999999999,1.425833089811006
exponential,C,5,SOFT_GATING,ELBO,0.9674326000000001,0.9785754235912529,0.9723186,0.180093614673869,,,3.12854,0.09093917197775647,0.31120000000000003,0.20144474428487827,0.35065999999999997,0.2294016848238042,21.68,1.5122830422906963
exponential,C,5,SOFT_GATING,K_PENALTY,0.3140564,0.04349519223776348,0.8574702000000001,0.07356922796387091,,,4.9573599999999995,0.05528239321881755,0.542,0.26241620567335394,0.65404,0.28164053863036126,16.4,3.3037857073363583
exponential,C,5,SOFT_GATING,NONE,0.3185478,0.0411041678446359,0.8508566,0.0668434940461673,,,4.97874,0.028128419792089236,0.46946000000000004,0.24826335412219014,0.55942,0.23866038003824597,18.56,1.5109599597606829
exponential,C,7,GUMBEL_SOFTMAX,ELBO,2.7412994,1.7621975721018912,1.3667696,0.08110675669326205,,,2.7619,0.18563660738119525,0.15638000000000002,0.09612609947355609,0.22708,0.12101465613718033,27.18,5.535973265831403
exponential,C,7,GUMBEL_SOFTMAX,K_PENALTY,0.5242794,0.3998889216648793,0.8995202000000001,0.06881156587158874,,,6.583119999999999,0.8536859358101196,0.38358,0.16074486616996514,0.5119,0.2115130137840223,29.2,5.415256226624923
exponential,C,7,GUMBEL_SOFTMAX,NONE,0.3711664,0.1262416933417799,0.8730502,0.06830820197604383,,,6.98612,0.03081326013261176,0.33718,0.2193996513215096,0.46449999999999997,0.28188040017000116,30.060000000000002,1.9907285098676823
exponential,C,7,NONE,NONE,1.0886206,0.3994652248497984,1.168259,0.07301930112990672,2.1524462,0.37822198637202464,7.0,0.0,0.32924000000000003,0.028252840565153814,0.47078,0.035556180897278584,8.6,2.320560277174459
exponential,C,7,SOFT_GATING,ELBO,1.0963074000000002,1.6501945672076976,0.9792772,0.20739723338728508,,,3.83662,0.075350726605654,0.21502,0.1262916743099085,0.2564,0.1209751627401261,25.76,8.195608580209282
exponential,C,7,SOFT_GATING,K_PENALTY,0.31013419999999997,0.023714616657243268,0.8339836,0.033768469002902674,,,5.9427,0.9359091809572124,0.36049999999999993,0.1720593792851758,0.49236,0.26324188116635244,25.68,7.657806474441621
exponential,C,7,SOFT_GATING,NONE,0.3166002,0.03509857481009733,0.8537279999999999,0.05745605758316525,,,6.3504000000000005,0.7687778710394831,0.25482,0.19039481873202327,0.37686000000000003,0.28988929438666755,29.060000000000002,3.4048494827231344
heteroscedastic,B,3,GUMBEL_SOFTMAX,ELBO,2.4717957999999998,0.35093696885153003,1.8237816000000002,0.11106365027676701,,,2.10934,0.03487639602940659,0.11884000000000002,0.13115255620840946,0.11884000000000002,0.13115255620840946,6.540000000000001,2.825420322713065
heteroscedastic,B,3,GUMBEL_SOFTMAX,K_PENALTY,1.9885422,0.46258891239382294,1.4671144,0.15569701623441604,,,2.90008,0.13739234694843813,0.24242,0.405420444723746,0.24242,0.405420444723746,8.92,2.9363242327781176
heteroscedastic,B,3,GUMBEL_SOFTMAX,NONE,1.9579307999999997,0.42991708769796527,1.4564506,0.1168827589223492,,,2.9674,0.07283992723774518,0.23364,0.4104338351062202,0.23364,0.4104338351062202,9.4,3.2046840717924123
heteroscedastic,B,3,NONE,NONE,2.4396215999999997,0.5733738243635649,1.7036368,0.12285980022244865,3.358686,2.719900678395537,3.0,0.0,0.09106,0.11312794968530103,0.09106,0.11312794968530103,7.859999999999999,1.1013627921806697
heteroscedastic,B,3,SOFT_GATING,ELBO,1.7850378,0.12544687687304135,1.4260394,0.06879890517515522,,,2.3476,0.0051307894129462425,0.281,0.22846461432790857,0.281,0.22846461432790857,12.72,1.6873055443517038
heteroscedastic,B,3,SOFT_GATING,K_PENALTY,1.8517038,0.1870056660577428,1.435503,0.11217352737388628,,,2.68426,0.23682408661282753,0.19290000000000002,0.17515296172203312,0.19290000000000002,0.17515296172203312,9.26,1.6949926253526886
heteroscedastic,B,3,SOFT_GATING,NONE,1.7871768,0.13560584997041986,1.4049718,0.09365959393302967,,,2.7417000000000002,0.22789691748683236,0.19324,0.1763150674219308,0.19324,0.1763150674219308,9.040000000000001,1.1326958991715292
heteroscedastic,B,5,GUMBEL_SOFTMAX,ELBO,2.2874576,0.2341922528560669,1.7731222000000002,0.10088858727427993,,,2.3273800000000002,0.07961825795632552,0.5676,0.16864855469288786,0.60086,0.15110166445145465,12.52,7.765114294071917
heteroscedastic,B,5,GUMBEL_SOFTMAX,K_PENALTY,2.2033859999999996,0.3046891777738421,1.550174,0.12430697419895642,,,3.06494,0.6568068917117115,0.58714,0.3572087806871494,0.6347400000000001,0.3464558961830495,19.7,4.990490957811667
heteroscedastic,B,5,GUMBEL_SOFTMAX,NONE,2.0991646,0.33083156173618017,1.5411540000000001,0.14108116978002416,,,4.24586,0.5004951578187345,0.50884,0.31979481390416575,0.53516,0.332239014867309,20.02,4.552691511622549
heteroscedastic,B,5,NONE,NONE,2.2873706,0.29560866483714565,1.6847676,0.039988290677397106,3.2163778,2.1971443257723653,5.0,0.0,0.56272,0.08514518189539558,0.5986,0.0885920143128036,8.42,1.9357169214531342
heteroscedastic,B,5,SOFT_GATING,ELBO,1.8793042,0.20312277791449188,1.442985,0.10518062679742887,,,3.0849800000000003,0.05322853558008176,0.58108,0.2813332845576577,0.6273799999999999,0.2819417262485282,20.380000000000003,4.321110968258047
heteroscedastic,B,5,SOFT_GATING,K_PENALTY,1.9266524,0.20862076716688582,1.4529188,0.09612479083306238,,,3.1494,0.6063109309586956,0.52254,0.43985813963140435,0.55664,0.46655984932267797,15.780000000000001,4.701276422419767
heteroscedastic,B,5,SOFT_GATING,NONE,1.824348,0.1872077742402809,1.4796386,0.15354918496787923,,,3.61678,0.34552155070270185,0.5631,0.4219134567657211,0.5856,0.4365507244295902,15.3,4.91121166312347
heteroscedastic,B,7,GUMBEL_SOFTMAX,ELBO,2.2240786,0.3386631690238843,1.7363228,0.14746137712194338,,,2.68418,0.12599185291121007,0.19290000000000002,0.200549569932224,0.20956000000000002,0.20143674689589283,20.080000000000002,13.810756677314968
heteroscedastic,B,7,GUMBEL_SOFTMAX,K_PENALTY,1.9143245999999998,0.1282841275170082,1.502674,0.08728672822657522,,,5.13296,1.3555407954023369,0.25270000000000004,0.1521062950702567,0.2619,0.15363359007717028,21.72,5.977624946414755
heteroscedastic,B,7,GUMBEL_SOFTMAX,NONE,1.8799108,0.19762703688311473,1.4688062,0.09558634230213019,,,6.016360000000001,0.8521105403643356,0.2956,0.19025204335302157,0.32042000000000004,0.21820129926285958,19.080000000000002,3.507420704734463
heteroscedastic,B,7,NONE,NONE,2.1354568,0.3270713757235569,1.5798717999999998,0.11517355522297641,3.0188336,0.32230900659506867,7.0,0.0,0.09462,0.1204102238184117,0.09612,0.11978861381617202,11.2,0.31622776601683805
heteroscedastic,B,7,SOFT_GATING,ELBO,1.8137568000000002,0.14528322192600215,1.4417138,0.11411901359414219,,,3.7930599999999997,0.05138553298351587,0.45116000000000006,0.23651360003179522,0.45492,0.23798948926370678,25.78,5.6614485778818135
heteroscedastic,B,7,SOFT_GATING,K_PENALTY,1.8762508,0.16728572926792054,1.4829628,0.1252564113836094,,,4.69032,0.757258114515784,0.27188,0.3284273389960099,0.29174,0.35249041547253446,24.7,9.549607321769834
heteroscedastic,B,7,SOFT_GATING,NONE,1.8209578,0.13657616981633364,1.4779426,0.13084506184529857,,,5.51492,0.673902049262354,0.36384,0.26763955798797756,0.39262,0.30839858462710235,22.06,4.663475099107959
heteroscedastic,C,3,GUMBEL_SOFTMAX,ELBO,2.3225004,0.22883623712668422,1.7817042,0.05599522475800954,,,2.0488799999999996,0.01605216496301968,0.15064,0.040945671321887006,0.15064,0.040945671321887006,14.319999999999999,4.29383278668371
heteroscedastic,C,3,GUMBEL_SOFTMAX,K_PENALTY,1.8380498000000003,0.24215045899956503,1.475809,0.17272480279913482,,,2.8708400000000003,0.19785674868449646,0.34054,0.10333108438412905,0.34054,0.10333108438412905,9.620000000000001,3.6086008368895555
heteroscedastic,C,3,GUMBEL_SOFTMAX,NONE,1.7966438,0.1913334393910275,1.4582252,0.16876881779582392,,,2.8901399999999997,0.165507289869661,0.34016,0.09087867186529522,0.34016,0.09087867186529522,9.419999999999998,4.1294067370507355
heteroscedastic,C,3,NONE,NONE,1.858069,0.1373295004032273,1.6668998,0.06336577325102247,3.3181602,1.1835861872946556,3.0,0.0,0.31508,0.03768974661628808,0.31508,0.03768974661628808,6.040000000000001,1.6395121225535363
heteroscedastic,C,3,SOFT_GATING,ELBO,1.8699966,0.19708909955347603,1.4456788,0.12553411727375155,,,2.3520600000000003,0.016863955645102853,0.27794,0.12202404681045455,0.27794,0.12202404681045455,19.740000000000002,3.562723677188563
heteroscedastic,C,3,SOFT_GATING,K_PENALTY,1.8099078,0.12820882051442473,1.4653032,0.08852169012564098,,,2.85846,0.1462236574566511,0.35548,0.2529116881443007,0.35548,0.2529116881443007,7.859999999999999,3.5865024745565135
heteroscedastic,C,3,SOFT_GATING,NONE,1.7940108,0.1478089848273779,1.4630836,0.08521953216722096,,,2.92608,0.09827968762669125,0.33972,0.1394212394149471,0.33972,0.1394212394149471,9.24,5.4062926298897285
heteroscedastic,C,5,GUMBEL_SOFTMAX,ELBO,1.8990088,0.1629424292800989,1.6704830000000002,0.04693626826879191,,,2.29258,0.07768904041111584,0.21871999999999997,0.04916489601331421,0.39844,0.10823468944843885,19.6,6.014981296729029
heteroscedastic,C,5,GUMBEL_SOFTMAX,K_PENALTY,1.7780660000000001,0.12707818535256155,1.4601668,0.1295662231976374,,,4.2391,0.7461700476432972,0.38308,0.10966251410577821,0.54196,0.1393397933111715,17.14,2.4490814604663513
heteroscedastic,C,5,GUMBEL_SOFTMAX,NONE,1.8336078,0.14039554639553198,1.4983236,0.16675555124882643,,,4.43992,0.7231838542168927,0.34926,0.10585236416821307,0.5389,0.15460578902486152,14.040000000000001,3.9551232597733286
heteroscedastic,C,5,NONE,NONE,1.7683091999999998,0.09874273374633698,1.6008422,0.03559163083788098,3.6233096000000002,0.8871617912451484,5.0,0.0,0.37454,0.026606164699182026,0.58674,0.03658261882369823,9.24,1.8187908071023455
heteroscedastic,C,5,SOFT_GATING,ELBO,1.8006742,0.11196055107581418,1.4121578,0.0766405973339196,,,3.05124,0.022222128610913907,0.41852,0.05816637344720745,0.4908799999999999,0.060680614696952406,29.32,6.819604094080536
heteroscedastic,C,5,SOFT_GATING,K_PENALTY,1.8203638000000002,0.10524034081900344,1.475041,0.151570070187026,,,3.3809799999999997,0.9297597065909019,0.40692000000000006,0.14172772135330478,0.54542,0.16613586909514755,17.880000000000003,9.09736225507152
heteroscedastic,C,5,SOFT_GATING,NONE,1.7546427999999998,0.11905701378415305,1.4106916,0.07496717511884787,,,3.7616799999999997,0.8486151023874133,0.30938,0.1630719227825563,0.43128,0.21455336632176156,18.4,7.046985170979147
heteroscedastic,C,7,GUMBEL_SOFTMAX,ELBO,1.8149895999999999,0.1662022720792348,1.6618526,0.05697884946451628,,,2.57024,0.06000398320111773,0.20095999999999997,0.12979623646315788,0.3226,0.14673562962007558,29.060000000000002,5.472933399923665
heteroscedastic,C,7,GUMBEL_SOFTMAX,K_PENALTY,1.805677,0.1109453294465341,1.4396942,0.09405478334832314,,,5.25462,0.7250913094224755,0.32504,0.12180208536802643,0.44128,0.14168753297308834,19.5,6.518435395092905
heteroscedastic,C,7,GUMBEL_SOFTMAX,NONE,1.8409442000000003,0.1279122460857443,1.4277504,0.07853231159401837,,,5.803459999999999,0.838437605311212,0.28364,0.17540645085058873,0.40759999999999996,0.19591068117894947,17.14,4.992294061851725
heteroscedastic,C,7,NONE,NONE,1.7277026,0.10106313749483539,1.5927012,0.03250232780432808,4.1345328,1.7262360042445528,7.0,0.0,0.24508000000000002,0.02434855231836176,0.41666,0.028970812898501834,11.68,2.1741665069630702
heteroscedastic,C,7,SOFT_GATING,ELBO,1.8059798,0.2191040116193676,1.4494644,0.12816773490742517,,,3.82742,0.08000879326674046,0.09516,0.07957994722290283,0.1406,0.09558909456627364,32.7,7.462908280288588
heteroscedastic,C,7,SOFT_GATING,K_PENALTY,1.783197,0.24726327786187738,1.3988158,0.056918991819075566,,,5.08286,1.1409611597245546,0.42026,0.182201984072622,0.51322,0.1941106308268561,2370.6,5255.319823283831
heteroscedastic,C,7,SOFT_GATING,NONE,1.7604692,0.11156899737247802,1.4285548000000001,0.08771445270136502,,,5.534879999999999,1.0153390305705776,0.3969,0.21156174039745468,0.51344,0.2381202910295551,24.66,6.190961153165151
piecewise,B,3,GUMBEL_SOFTMAX,ELBO,0.32386360000000003,0.017636688657454935,0.7513797999999999,0.08275386456655665,,,2.0784,0.033422821544567397,0.17786,0.05924544708245521,0.17786,0.05924544708245521,10.1,2.898275349237888
piecewise,B,3,GUMBEL_SOFTMAX,K_PENALTY,0.2993812,0.05170685689248574,0.5322266,0.03897196165578528,,,2.9505,0.07356860743550862,0.16598,0.23985838947178814,0.16598,0.23985838947178814,10.080000000000002,2.0474374227311563
piecewise,B,3,GUMBEL_SOFTMAX,NONE,0.2885436,0.040886912934336335,0.5570094,0.11132965601671466,,,2.91918,0.12213896593634634,0.17284,0.235526013425269,0.17284,0.235526013425269,9.84,3.226918034285965
piecewise,B,3,NONE,NONE,0.32152959999999997,0.06903228744797613,0.6012914,0.10250869724223402,1.4316184,0.48118197827152676,3.0,0.0,0.15608,0.08179417460919818,0.15608,0.08179417460919818,7.140000000000001,1.4363147287415805
piecewise,B,3,SOFT_GATING,ELBO,0.294735,0.02930793320075641,0.5437162000000001,0.056857891723137266,,,2.34666,0.023044695702048177,0.0722,0.07140875296488519,0.0722,0.07140875296488519,12.0,3.113679495388053
piecewise,B,3,SOFT_GATING,K_PENALTY,0.2791928,0.03113767310991622,0.47633580000000003,0.08058679182223351,,,2.60538,0.2275494385842338,0.14628000000000002,0.217362317341346,0.14628000000000002,0.217362317341346,8.620000000000001,3.6072149922065915
piecewise,B,3,SOFT_GATING,NONE,0.2884922,0.029095652109894357,0.47720219999999997,0.04352764868103951,,,2.7922800000000003,0.06534643831151016,0.16598,0.22686764202944412,0.16598,0.22686764202944412,7.92,2.819042390600042
piecewise,B,5,GUMBEL_SOFTMAX,ELBO,0.31158600000000003,0.06441177879083917,0.5471672,0.08219782013654618,,,2.35038,0.03686118554794463,0.45410000000000006,0.26467052159241305,0.48124,0.26064936792557164,15.520000000000001,5.804911713368257
piecewise,B,5,GUMBEL_SOFTMAX,K_PENALTY,0.2850348,0.02745625912610821,0.5023858000000001,0.061919406668668915,,,3.8804600000000002,0.7053629051771861,0.5139400000000001,0.23593209404402785,0.59424,0.22441793154736991,12.48,4.158966217703625
piecewise,B,5,GUMBEL_SOFTMAX,NONE,0.279553,0.02560100065427131,0.4953442,0.044380628563597445,,,4.41744,0.6324225747077666,0.5067999999999999,0.24453902551535614,0.58014,0.24646954781473507,16.82,6.491301872506009
piecewise,B,5,NONE,NONE,0.29833940000000003,0.03764287284201355,0.5597268,0.10398171305667164,1.0703784,0.4917007487479555,5.0,0.0,0.44845999999999997,0.12192947961834333,0.51718,0.16765108708266702,7.5200000000000005,2.187921387984495
piecewise,B,5,SOFT_GATING,ELBO,0.3011584,0.04988561446248807,0.5263658,0.06816537026379303,,,3.0768999999999997,0.0624625888032188,0.4723,0.35302832747528917,0.5232,0.3761614081747356,17.84,7.0966893689945305
piecewise,B,5,SOFT_GATING,K_PENALTY,0.29473320000000003,0.027791327994538144,0.4907876,0.040867833626215114,,,3.7151400000000003,0.4059796583574108,0.56278,0.24837903897068286,0.5977,0.27802313752635766,11.059999999999999,4.797186675542239
piecewise,B,5,SOFT_GATING,NONE,0.3000064,0.04506615198571984,0.5117166,0.06756734122932469,,,4.21586,0.2675994263820459,0.43402,0.35280987372804634,0.48242,0.3650789804960017,10.6,5.090677754484171
piecewise,B,7,GUMBEL_SOFTMAX,ELBO,0.3210868,0.04496217385425221,0.606513,0.09269175398599386,,,2.63068,0.05970583723556677,0.414,0.24847204068063672,0.43136,0.24734188484767394,18.56,7.679387996448675
piecewise,B,7,GUMBEL_SOFTMAX,K_PENALTY,0.2936574,0.022126104860548782,0.5341718,0.06051805247775246,,,5.94872,0.8743900456889936,0.40352,0.24855228222649658,0.44478,0.26000095576747406,22.660000000000004,10.425113908250598
piecewise,B,7,GUMBEL_SOFTMAX,NONE,0.29397419999999996,0.038796519414761935,0.5054486,0.06377306209364575,,,6.3823,0.5721557698739043,0.41646,0.21952592785363648,0.4447,0.20842196381379768,23.9,10.419213022104884
piecewise,B,7,NONE,NONE,0.31921600000000006,0.05357344716835012,0.5928114,0.17008891529226708,1.1247934000000002,0.29327978701369795,7.0,0.0,0.14544,0.18440056399046076,0.15884,0.19210914345756686,7.140000000000001,3.895895275799903
piecewise,B,7,SOFT_GATING,ELBO,0.30870319999999996,0.04496708100043853,0.5135344,0.06687163499421858,,,3.7495199999999995,0.0542818754281758,0.48507999999999996,0.25331135387108095,0.53124,0.2788291376452612,33.260000000000005,8.209019429871026
piecewise,B,7,SOFT_GATING,K_PENALTY,0.2911674,0.03016631736390773,0.49086420000000003,0.04261671983154033,,,4.39806,0.5209653952039427,0.35316000000000003,0.21013465444804671,0.38856,0.21571401901591836,24.860000000000003,10.786704779495915
piecewise,B,7,SOFT_GATING,NONE,0.28209819999999997,0.039581441550302326,0.50081,0.06778827399705646,,,5.22378,0.5889122956773786,0.35302,0.21674892617957764,0.37106000000000006,0.21737794966371363,31.439999999999998,10.614753883157158
piecewise,C,3,GUMBEL_SOFTMAX,ELBO,0.5783134,0.1106123049068231,1.087663,0.0611704592430039,,,2.1262,0.03716369195868466,0.1983,0.03442586237118833,0.1983,0.03442586237118833,10.26,3.0745731411043065
piecewise,C,3,GUMBEL_SOFTMAX,K_PENALTY,0.3073918,0.057455814542133166,0.5915914,0.18479985556623144,,,2.91092,0.18812141558047027,0.30718,0.10394468240367086,0.30718,0.10394468240367086,7.32,2.76983754036225
piecewise,C,3,GUMBEL_SOFTMAX,NONE,0.3030724,0.054723467354508906,0.5795044,0.17283355549284984,,,2.98884,0.01539912335167167,0.34696,0.16231199277933836,0.34696,0.16231199277933836,9.0,2.4166091947189146
piecewise,C,3,NONE,NONE,0.37076560000000003,0.02434388886969376,0.8218954,0.022035240305020517,1.0991916,0.2556044259286212,3.0,0.0,0.33768000000000004,0.022691562308488157,0.33768000000000004,0.022691562308488157,7.4,2.1886068628239292
piecewise,C,3,SOFT_GATING,ELBO,0.3318296,0.06113972652294087,0.6731446,0.1650807965915478,,,2.34952,0.022305985743741444,0.3069,0.20110998234796798,0.3069,0.20110998234796798,10.8,5.624944444170092
piecewise,C,3,SOFT_GATING,K_PENALTY,0.3061136,0.03903855336459074,0.5257828,0.045391537996635443,,,2.78576,0.12005866482682552,0.30322,0.18458284589852872,0.30322,0.18458284589852872,7.74,2.441925469788134
piecewise,C,3,SOFT_GATING,NONE,0.2969092,0.03626505433885353,0.5151703999999999,0.04555832722236407,,,2.8449400000000002,0.13075757339443095,0.35168,0.20401489406413442,0.35168,0.20401489406413442,8.059999999999999,2.5948024973010955
piecewise,C,5,GUMBEL_SOFTMAX,ELBO,0.3972506,0.03515209199037803,0.8595273999999999,0.049976647529621304,,,2.30314,0.05488267486192693,0.308,0.05031386488831884,0.43970000000000004,0.06900960078134058,15.4,6.471862174057788
piecewise,C,5,GUMBEL_SOFTMAX,K_PENALTY,0.36375159999999995,0.11166291922254226,0.6470157999999999,0.24838237149745554,,,4.4825800000000005,1.1041588187394056,0.35338,0.09670386238408472,0.5529599999999999,0.15154724675823047,10.68,5.256614880319843
piecewise,C,5,GUMBEL_SOFTMAX,NONE,0.3705342,0.13574597195755017,0.633457,0.25653024803422314,,,4.49938,1.080548687935902,0.37344,0.10530032288649452,0.54226,0.11495839682250268,9.64,5.5473417057181535
piecewise,C,5,NONE,NONE,0.3054224,0.0328592317667349,0.6261699999999999,0.04439990438052768,1.1522756,0.37666544770963534,5.0,0.0,0.45042,0.017819287303368785,0.57108,0.026379859741856086,7.5,1.6355427233796123
piecewise,C,5,SOFT_GATING,ELBO,0.31300540000000004,0.06102345938899237,0.5556058,0.09198370891195896,,,3.11928,0.03762123070820524,0.30998000000000003,0.10877898234493646,0.46340000000000003,0.1491337989860112,18.66,6.486370325536463
piecewise,C,5,SOFT_GATING,K_PENALTY,0.3397204,0.08605091087431904,0.629645,0.280789549233051,,,3.80118,0.8678961095661163,0.38312,0.22509328510641982,0.47824,0.21447905025899383,11.66,8.450325437520144
piecewise,C,5,SOFT_GATING,NONE,0.3282816,0.11435081554715736,0.584013,0.23387946196491902,,,4.1872,0.7175918861024,0.53276,0.27056263230534994,0.6087400000000001,0.2798238517353372,12.16,6.595680404628472
piecewise,C,7,GUMBEL_SOFTMAX,ELBO,0.3592932,0.02419734898082847,0.77847,0.05787027103789992,,,2.58556,0.08611604380137293,0.16934,0.0680575712173157,0.29176,0.13210621862728492,27.04,1.930802941783547
piecewise,C,7,GUMBEL_SOFTMAX,K_PENALTY,0.366339,0.12873357902855023,0.621887,0.23903725198596137,,,5.35262,1.7024049450703558,0.2303,0.08182768480166111,0.39032,0.14244696205956797,23.9,8.394641147779934
piecewise,C,7,GUMBEL_SOFTMAX,NONE,0.31772039999999996,0.03378213078389225,0.5930104,0.08124747244868608,,,6.07372,1.1132938008450421,0.3287,0.12069573314744808,0.5293,0.18326660906995576,21.52,9.401701973579039
piecewise,C,7,NONE,NONE,0.2997064,0.030305297322415437,0.5622398000000001,0.053047817369803234,1.202706,0.20613622319839855,7.0,0.0,0.31196,0.01973000253421169,0.4227,0.025525183642826164,10.719999999999999,2.4549949083450255
piecewise,C,7,SOFT_GATING,ELBO,0.3003018,0.05084827313390298,0.6956692,0.4069024459587334,,,3.8091999999999997,0.05094973012686146,0.32238,0.07680408192277283,0.43335999999999997,0.04920424778410905,24.98,14.306536967414583
piecewise,C,7,SOFT_GATING,K_PENALTY,0.31594540000000004,0.05845380395919499,0.6974022,0.20062278357579433,,,4.77742,0.8398930866485329,0.21417999999999998,0.13975080321772754,0.29666000000000003,0.15873012631507608,16.839999999999996,13.787603127447495
piecewise,C,7,SOFT_GATING,NONE,0.3086392,0.0559302289348077,0.6157368,0.18544381465473578,,,5.13048,1.0682717266688282,0.22864,0.13862839896644555,0.30088,0.10433272257542213,22.44,11.742146311471341
